part_number,part_family,complexity,unit_cost,nominal_lead_time_days,moq,preferred_supplier,critical_part
MACH_0001,Machined_Parts,Low,477.82,24,50,SUP_MACH_001,False
MACH_0002,Machined_Parts,Low,76.14,26,25,SUP_MACH_004,False
MACH_0003,Machined_Parts,Low,486.46,25,5,SUP_MACH_004,False
MACH_0004,Machined_Parts,Medium,487.87,21,1,SUP_MACH_001,False
MACH_0005,Machined_Parts,Low,71.0,27,10,SUP_MACH_004,False
MACH_0006,Machined_Parts,Medium,106.35,33,50,SUP_MACH_001,True
MACH_0007,Machined_Parts,High,969.07,50,1,SUP_MACH_002,True
MACH_0008,Machined_Parts,Medium,372.1,23,50,SUP_MACH_004,True
MACH_0009,Machined_Parts,High,332.9,46,5,SUP_MACH_002,False
MACH_0010,Machined_Parts,Medium,199.78,41,5,SUP_MACH_004,False
MACH_0011,Machined_Parts,High,638.11,53,25,SUP_MACH_001,False
MACH_0012,Machined_Parts,High,772.59,43,5,SUP_MACH_001,False
MACH_0013,Machined_Parts,Medium,170.12,37,1,SUP_MACH_001,False
MACH_0014,Machined_Parts,Medium,209.13,21,10,SUP_MACH_003,False
MACH_0015,Machined_Parts,Medium,595.61,22,5,SUP_MACH_001,False
MACH_0016,Machined_Parts,High,504.51,30,50,SUP_MACH_003,False
MACH_0017,Machined_Parts,Low,302.56,19,10,SUP_MACH_001,False
MACH_0018,Machined_Parts,Low,165.23,14,5,SUP_MACH_002,False
MACH_0019,Machined_Parts,Low,453.09,20,50,SUP_MACH_004,False
MACH_0020,Machined_Parts,Low,321.99,21,50,SUP_MACH_004,False
MACH_0021,Machined_Parts,Medium,543.98,39,5,SUP_MACH_001,False
MACH_0022,Machined_Parts,Low,255.44,17,25,SUP_MACH_002,False
MACH_0023,Machined_Parts,Low,104.94,18,1,SUP_MACH_001,False
MACH_0024,Machined_Parts,Medium,627.16,39,10,SUP_MACH_001,False
MACH_0025,Machined_Parts,Medium,256.85,26,10,SUP_MACH_002,False
MACH_0026,Machined_Parts,Medium,347.59,22,5,SUP_MACH_004,False
MACH_0027,Machined_Parts,Medium,555.78,24,1,SUP_MACH_003,False
MACH_0028,Machined_Parts,Medium,109.75,26,1,SUP_MACH_001,False
MACH_0029,Machined_Parts,Low,270.25,27,25,SUP_MACH_003,False
MACH_0030,Machined_Parts,Low,377.7,19,25,SUP_MACH_002,False
MACH_0031,Machined_Parts,Medium,135.95,38,25,SUP_MACH_003,False
MACH_0032,Machined_Parts,Low,315.9,23,10,SUP_MACH_002,False
MACH_0033,Machined_Parts,Low,340.33,16,1,SUP_MACH_004,False
MACH_0034,Machined_Parts,High,223.77,37,1,SUP_MACH_002,False
MACH_0035,Machined_Parts,High,332.15,46,5,SUP_MACH_004,False
MACH_0036,Machined_Parts,Medium,238.25,22,25,SUP_MACH_001,False
MACH_0037,Machined_Parts,Medium,303.85,28,10,SUP_MACH_004,False
MACH_0038,Machined_Parts,Medium,508.37,22,25,SUP_MACH_002,False
MACH_0039,Machined_Parts,Medium,326.29,40,1,SUP_MACH_001,False
MACH_0040,Machined_Parts,Low,268.53,20,50,SUP_MACH_001,False
MACH_0041,Machined_Parts,Low,272.25,16,10,SUP_MACH_001,False
MACH_0042,Machined_Parts,Medium,418.45,34,50,SUP_MACH_003,False
MACH_0043,Machined_Parts,Medium,611.5,31,25,SUP_MACH_003,False
MACH_0044,Machined_Parts,Low,375.1,17,10,SUP_MACH_004,False
MACH_0045,Machined_Parts,Low,473.21,27,50,SUP_MACH_002,False
MACH_0046,Machined_Parts,Low,467.74,19,50,SUP_MACH_003,False
MACH_0047,Machined_Parts,High,365.0,38,1,SUP_MACH_004,False
MACH_0048,Machined_Parts,Low,227.61,25,10,SUP_MACH_004,True
MACH_0049,Machined_Parts,Low,352.01,19,10,SUP_MACH_002,False
MACH_0050,Machined_Parts,Medium,545.49,35,50,SUP_MACH_002,False
SHEE_0051,Sheet_Metal,High,353.48,39,5,SUP_SHEET_003,False
SHEE_0052,Sheet_Metal,Medium,208.12,25,25,SUP_SHEET_003,False
SHEE_0053,Sheet_Metal,Low,41.45,15,10,SUP_SHEET_001,False
SHEE_0054,Sheet_Metal,High,343.63,38,1,SUP_SHEET_002,False
SHEE_0055,Sheet_Metal,Low,47.24,14,50,SUP_SHEET_001,False
SHEE_0056,Sheet_Metal,High,118.03,25,10,SUP_SHEET_003,True
SHEE_0057,Sheet_Metal,Low,194.67,17,10,SUP_SHEET_001,False
SHEE_0058,Sheet_Metal,Medium,232.81,15,5,SUP_SHEET_001,True
SHEE_0059,Sheet_Metal,Medium,218.23,11,5,SUP_SHEET_001,False
SHEE_0060,Sheet_Metal,Low,41.43,9,50,SUP_SHEET_001,False
SHEE_0061,Sheet_Metal,Medium,209.99,19,50,SUP_SHEET_003,True
SHEE_0062,Sheet_Metal,Medium,79.14,13,50,SUP_SHEET_002,True
SHEE_0063,Sheet_Metal,Low,79.5,20,50,SUP_SHEET_002,False
SHEE_0064,Sheet_Metal,High,171.21,27,50,SUP_SHEET_003,True
SHEE_0065,Sheet_Metal,High,360.34,21,5,SUP_SHEET_002,False
SHEE_0066,Sheet_Metal,Medium,179.09,24,5,SUP_SHEET_001,False
SHEE_0067,Sheet_Metal,Medium,247.75,24,10,SUP_SHEET_001,False
SHEE_0068,Sheet_Metal,Medium,284.63,18,1,SUP_SHEET_002,False
SHEE_0069,Sheet_Metal,Low,62.55,12,50,SUP_SHEET_003,False
SHEE_0070,Sheet_Metal,Low,139.75,12,5,SUP_SHEET_002,False
SHEE_0071,Sheet_Metal,Low,111.81,16,5,SUP_SHEET_001,False
SHEE_0072,Sheet_Metal,Low,98.14,20,25,SUP_SHEET_002,False
SHEE_0073,Sheet_Metal,Medium,188.68,25,25,SUP_SHEET_002,False
SHEE_0074,Sheet_Metal,Medium,265.12,22,25,SUP_SHEET_001,False
SHEE_0075,Sheet_Metal,Medium,100.04,18,1,SUP_SHEET_002,False
SHEE_0076,Sheet_Metal,Low,77.09,8,25,SUP_SHEET_001,False
SHEE_0077,Sheet_Metal,Low,80.88,20,25,SUP_SHEET_003,False
SHEE_0078,Sheet_Metal,Low,41.05,15,25,SUP_SHEET_003,False
SHEE_0079,Sheet_Metal,High,323.45,17,50,SUP_SHEET_002,False
SHEE_0080,Sheet_Metal,High,69.55,34,50,SUP_SHEET_003,False
SHEE_0081,Sheet_Metal,High,290.81,37,1,SUP_SHEET_001,False
SHEE_0082,Sheet_Metal,Medium,95.93,18,10,SUP_SHEET_002,True
SHEE_0083,Sheet_Metal,Medium,98.72,22,50,SUP_SHEET_001,False
SHEE_0084,Sheet_Metal,Low,183.85,15,25,SUP_SHEET_002,False
SHEE_0085,Sheet_Metal,Medium,136.72,25,5,SUP_SHEET_002,False
SHEE_0086,Sheet_Metal,Medium,104.09,19,5,SUP_SHEET_001,False
SHEE_0087,Sheet_Metal,Medium,216.27,15,1,SUP_SHEET_003,False
SHEE_0088,Sheet_Metal,Low,117.46,13,5,SUP_SHEET_001,False
SHEE_0089,Sheet_Metal,Low,180.95,14,10,SUP_SHEET_001,False
SHEE_0090,Sheet_Metal,Medium,57.3,13,1,SUP_SHEET_002,False
SHEE_0091,Sheet_Metal,High,293.92,24,1,SUP_SHEET_003,False
SHEE_0092,Sheet_Metal,High,361.59,26,25,SUP_SHEET_001,False
SHEE_0093,Sheet_Metal,Low,106.15,11,5,SUP_SHEET_001,False
SHEE_0094,Sheet_Metal,High,294.36,29,1,SUP_SHEET_001,False
SHEE_0095,Sheet_Metal,Medium,80.19,29,50,SUP_SHEET_002,False
SHEE_0096,Sheet_Metal,Medium,198.52,19,5,SUP_SHEET_003,True
SHEE_0097,Sheet_Metal,Low,90.88,18,1,SUP_SHEET_003,False
SHEE_0098,Sheet_Metal,Low,194.74,18,50,SUP_SHEET_001,False
SHEE_0099,Sheet_Metal,Medium,109.27,11,25,SUP_SHEET_001,False
SHEE_0100,Sheet_Metal,Medium,277.21,22,50,SUP_SHEET_001,False
ELEC_0101,Electronics_Components,Low,24.87,28,10,SUP_ELEC_003,False
ELEC_0102,Electronics_Components,Low,87.94,47,25,SUP_ELEC_004,False
ELEC_0103,Electronics_Components,Low,50.32,37,50,SUP_ELEC_003,False
ELEC_0104,Electronics_Components,High,193.66,48,50,SUP_ELEC_001,False
ELEC_0105,Electronics_Components,Medium,63.95,72,25,SUP_ELEC_003,False
ELEC_0106,Electronics_Components,Low,2.44,33,25,SUP_ELEC_002,False
ELEC_0107,Electronics_Components,Medium,135.77,49,10,SUP_ELEC_004,False
ELEC_0108,Electronics_Components,Medium,105.1,73,25,SUP_ELEC_001,False
ELEC_0109,Electronics_Components,Low,46.45,55,250,SUP_ELEC_002,False
ELEC_0110,Electronics_Components,Medium,37.16,35,10,SUP_ELEC_003,True
ELEC_0111,Electronics_Components,Medium,28.51,49,50,SUP_ELEC_003,False
ELEC_0112,Electronics_Components,High,121.18,57,250,SUP_ELEC_005,False
ELEC_0113,Electronics_Components,Low,4.15,40,250,SUP_ELEC_001,False
ELEC_0114,Electronics_Components,High,27.49,65,50,SUP_ELEC_001,True
ELEC_0115,Electronics_Components,Medium,103.64,58,50,SUP_ELEC_005,True
ELEC_0116,Electronics_Components,High,18.73,83,100,SUP_ELEC_002,False
ELEC_0117,Electronics_Components,Medium,108.5,34,50,SUP_ELEC_003,False
ELEC_0118,Electronics_Components,High,103.31,79,250,SUP_ELEC_002,False
ELEC_0119,Electronics_Components,Medium,37.51,45,250,SUP_ELEC_004,True
ELEC_0120,Electronics_Components,Low,21.93,32,100,SUP_ELEC_001,False
ELEC_0121,Electronics_Components,Medium,102.35,72,250,SUP_ELEC_002,True
ELEC_0122,Electronics_Components,Medium,88.65,70,10,SUP_ELEC_004,True
ELEC_0123,Electronics_Components,Low,36.95,43,25,SUP_ELEC_003,False
ELEC_0124,Electronics_Components,High,121.94,58,250,SUP_ELEC_004,False
ELEC_0125,Electronics_Components,Low,80.78,22,10,SUP_ELEC_003,False
ELEC_0126,Electronics_Components,Medium,147.38,37,25,SUP_ELEC_004,False
ELEC_0127,Electronics_Components,High,163.78,60,50,SUP_ELEC_001,False
ELEC_0128,Electronics_Components,Medium,72.28,75,250,SUP_ELEC_002,False
ELEC_0129,Electronics_Components,Medium,76.88,44,10,SUP_ELEC_002,False
ELEC_0130,Electronics_Components,Low,51.1,53,250,SUP_ELEC_003,False
ELEC_0131,Electronics_Components,Low,45.97,40,25,SUP_ELEC_004,False
ELEC_0132,Electronics_Components,Medium,14.55,38,10,SUP_ELEC_001,True
ELEC_0133,Electronics_Components,Medium,91.51,73,10,SUP_ELEC_005,False
ELEC_0134,Electronics_Components,High,26.61,93,10,SUP_ELEC_002,False
ELEC_0135,Electronics_Components,Low,74.37,41,250,SUP_ELEC_003,False
ELEC_0136,Electronics_Components,Low,17.2,26,250,SUP_ELEC_003,False
ELEC_0137,Electronics_Components,Medium,54.79,77,10,SUP_ELEC_002,False
ELEC_0138,Electronics_Components,Medium,57.48,55,10,SUP_ELEC_001,False
ELEC_0139,Electronics_Components,High,78.01,80,50,SUP_ELEC_003,False
ELEC_0140,Electronics_Components,Low,73.32,45,100,SUP_ELEC_005,False
ELEC_0141,Electronics_Components,Medium,86.61,83,10,SUP_ELEC_001,False
ELEC_0142,Electronics_Components,Medium,22.75,42,25,SUP_ELEC_002,False
ELEC_0143,Electronics_Components,Medium,16.78,59,100,SUP_ELEC_005,True
ELEC_0144,Electronics_Components,Low,79.93,26,100,SUP_ELEC_004,False
ELEC_0145,Electronics_Components,Low,60.25,40,25,SUP_ELEC_003,False
ELEC_0146,Electronics_Components,High,191.9,65,25,SUP_ELEC_003,False
ELEC_0147,Electronics_Components,Medium,76.62,63,100,SUP_ELEC_003,False
ELEC_0148,Electronics_Components,Medium,104.95,79,25,SUP_ELEC_001,False
ELEC_0149,Electronics_Components,Medium,64.48,70,10,SUP_ELEC_003,False
ELEC_0150,Electronics_Components,Low,98.5,50,10,SUP_ELEC_001,False
ELEC_0151,Electronics_Components,Medium,89.3,52,10,SUP_ELEC_005,False
ELEC_0152,Electronics_Components,High,2.92,65,100,SUP_ELEC_001,False
ELEC_0153,Electronics_Components,High,94.21,75,50,SUP_ELEC_001,False
ELEC_0154,Electronics_Components,Low,91.36,29,10,SUP_ELEC_004,False
ELEC_0155,Electronics_Components,High,73.75,82,25,SUP_ELEC_004,False
ELEC_0156,Electronics_Components,Medium,146.37,55,100,SUP_ELEC_004,False
ELEC_0157,Electronics_Components,Low,30.66,31,50,SUP_ELEC_003,False
ELEC_0158,Electronics_Components,Low,47.35,42,250,SUP_ELEC_003,True
ELEC_0159,Electronics_Components,Medium,68.81,59,100,SUP_ELEC_001,False
ELEC_0160,Electronics_Components,Medium,24.55,41,250,SUP_ELEC_003,False
ELEC_0161,Electronics_Components,Low,64.76,35,100,SUP_ELEC_002,False
ELEC_0162,Electronics_Components,Medium,83.43,44,50,SUP_ELEC_005,False
ELEC_0163,Electronics_Components,Low,57.37,52,100,SUP_ELEC_002,False
ELEC_0164,Electronics_Components,High,121.43,98,100,SUP_ELEC_004,False
ELEC_0165,Electronics_Components,Low,30.02,52,25,SUP_ELEC_001,False
ELEC_0166,Electronics_Components,Low,18.96,41,100,SUP_ELEC_002,False
ELEC_0167,Electronics_Components,High,69.68,60,25,SUP_ELEC_003,False
ELEC_0168,Electronics_Components,Low,62.79,35,10,SUP_ELEC_002,False
ELEC_0169,Electronics_Components,Low,97.48,48,10,SUP_ELEC_002,False
ELEC_0170,Electronics_Components,High,95.27,54,25,SUP_ELEC_003,False
ELEC_0171,Electronics_Components,Medium,105.28,52,10,SUP_ELEC_003,False
ELEC_0172,Electronics_Components,Low,90.16,45,250,SUP_ELEC_003,False
ELEC_0173,Electronics_Components,Medium,122.54,57,25,SUP_ELEC_001,False
ELEC_0174,Electronics_Components,Medium,108.45,37,250,SUP_ELEC_003,False
ELEC_0175,Electronics_Components,High,120.29,84,10,SUP_ELEC_005,False
ELEC_0176,Electronics_Components,High,84.92,68,25,SUP_ELEC_002,False
ELEC_0177,Electronics_Components,Medium,13.8,63,25,SUP_ELEC_005,False
ELEC_0178,Electronics_Components,Low,36.21,46,50,SUP_ELEC_002,False
ELEC_0179,Electronics_Components,High,28.73,75,25,SUP_ELEC_004,False
ELEC_0180,Electronics_Components,Low,84.31,50,50,SUP_ELEC_005,False
ELEC_0181,Electronics_Components,Medium,71.92,49,10,SUP_ELEC_001,False
ELEC_0182,Electronics_Components,Medium,66.07,44,50,SUP_ELEC_002,False
ELEC_0183,Electronics_Components,Medium,41.91,62,50,SUP_ELEC_005,True
ELEC_0184,Electronics_Components,High,29.09,108,10,SUP_ELEC_004,False
ELEC_0185,Electronics_Components,High,146.98,98,250,SUP_ELEC_001,False
ELEC_0186,Electronics_Components,Medium,104.44,34,25,SUP_ELEC_002,False
ELEC_0187,Electronics_Components,High,112.05,75,250,SUP_ELEC_001,False
ELEC_0188,Electronics_Components,Low,42.75,48,100,SUP_ELEC_003,False
ELEC_0189,Electronics_Components,High,9.33,83,50,SUP_ELEC_004,True
ELEC_0190,Electronics_Components,Low,69.93,32,100,SUP_ELEC_001,False
ELEC_0191,Electronics_Components,Medium,111.07,58,250,SUP_ELEC_002,False
ELEC_0192,Electronics_Components,Medium,70.1,83,50,SUP_ELEC_005,False
ELEC_0193,Electronics_Components,High,160.16,111,100,SUP_ELEC_005,False
ELEC_0194,Electronics_Components,Medium,72.76,64,100,SUP_ELEC_001,False
ELEC_0195,Electronics_Components,Medium,64.07,70,10,SUP_ELEC_003,False
ELEC_0196,Electronics_Components,Low,85.43,46,250,SUP_ELEC_001,False
ELEC_0197,Electronics_Components,High,10.93,49,10,SUP_ELEC_004,False
ELEC_0198,Electronics_Components,High,157.7,48,50,SUP_ELEC_005,False
ELEC_0199,Electronics_Components,Medium,11.15,52,250,SUP_ELEC_005,False
ELEC_0200,Electronics_Components,Low,5.65,34,10,SUP_ELEC_001,False
ELEC_0201,Electronics_Components,High,160.55,86,10,SUP_ELEC_001,False
ELEC_0202,Electronics_Components,High,36.43,69,25,SUP_ELEC_002,False
ELEC_0203,Electronics_Components,Low,81.77,28,250,SUP_ELEC_001,False
ELEC_0204,Electronics_Components,Medium,15.09,77,50,SUP_ELEC_003,True
ELEC_0205,Electronics_Components,High,191.22,102,10,SUP_ELEC_001,False
ELEC_0206,Electronics_Components,Low,41.44,34,50,SUP_ELEC_005,True
ELEC_0207,Electronics_Components,Medium,144.38,37,100,SUP_ELEC_005,False
ELEC_0208,Electronics_Components,Low,88.41,39,50,SUP_ELEC_002,False
ELEC_0209,Electronics_Components,Medium,82.25,76,10,SUP_ELEC_003,False
ELEC_0210,Electronics_Components,Low,16.58,26,250,SUP_ELEC_003,False
ELEC_0211,Electronics_Components,High,22.96,90,100,SUP_ELEC_005,False
ELEC_0212,Electronics_Components,High,7.79,99,25,SUP_ELEC_003,False
ELEC_0213,Electronics_Components,High,2.22,80,250,SUP_ELEC_005,False
ELEC_0214,Electronics_Components,Low,9.33,32,10,SUP_ELEC_001,True
ELEC_0215,Electronics_Components,Low,1.9,49,50,SUP_ELEC_002,False
ELEC_0216,Electronics_Components,High,79.65,54,250,SUP_ELEC_005,False
ELEC_0217,Electronics_Components,Low,77.31,54,10,SUP_ELEC_004,True
ELEC_0218,Electronics_Components,Medium,52.86,64,50,SUP_ELEC_002,False
ELEC_0219,Electronics_Components,High,193.84,94,50,SUP_ELEC_004,False
ELEC_0220,Electronics_Components,Low,3.19,32,50,SUP_ELEC_003,False
ELEC_0221,Electronics_Components,Medium,42.13,83,10,SUP_ELEC_003,False
ELEC_0222,Electronics_Components,Low,79.69,45,100,SUP_ELEC_002,False
ELEC_0223,Electronics_Components,Low,14.0,51,100,SUP_ELEC_004,False
ELEC_0224,Electronics_Components,High,171.76,109,50,SUP_ELEC_001,False
ELEC_0225,Electronics_Components,Low,32.75,46,25,SUP_ELEC_005,False
ELEC_0226,Electronics_Components,High,143.55,81,100,SUP_ELEC_003,False
ELEC_0227,Electronics_Components,Low,86.99,48,50,SUP_ELEC_002,False
ELEC_0228,Electronics_Components,Medium,20.99,33,100,SUP_ELEC_002,False
ELEC_0229,Electronics_Components,Medium,73.01,37,10,SUP_ELEC_004,False
ELEC_0230,Electronics_Components,Medium,34.99,39,250,SUP_ELEC_005,False
ELEC_0231,Electronics_Components,Medium,147.68,39,250,SUP_ELEC_002,False
ELEC_0232,Electronics_Components,Low,97.5,46,50,SUP_ELEC_005,False
ELEC_0233,Electronics_Components,High,181.75,92,50,SUP_ELEC_001,False
ELEC_0234,Electronics_Components,High,30.21,76,100,SUP_ELEC_004,False
ELEC_0235,Electronics_Components,Medium,141.27,35,10,SUP_ELEC_001,False
ELEC_0236,Electronics_Components,Low,82.63,33,25,SUP_ELEC_002,False
ELEC_0237,Electronics_Components,High,41.63,53,10,SUP_ELEC_003,True
ELEC_0238,Electronics_Components,High,119.77,85,10,SUP_ELEC_002,False
ELEC_0239,Electronics_Components,High,125.81,96,50,SUP_ELEC_003,False
ELEC_0240,Electronics_Components,Medium,122.87,55,50,SUP_ELEC_001,False
ELEC_0241,Electronics_Components,Medium,109.14,62,100,SUP_ELEC_005,False
ELEC_0242,Electronics_Components,Medium,50.36,56,250,SUP_ELEC_005,False
ELEC_0243,Electronics_Components,Medium,75.48,60,25,SUP_ELEC_003,False
ELEC_0244,Electronics_Components,High,195.01,87,25,SUP_ELEC_003,False
ELEC_0245,Electronics_Components,Low,4.03,30,100,SUP_ELEC_001,False
ELEC_0246,Electronics_Components,Medium,111.79,53,100,SUP_ELEC_004,False
ELEC_0247,Electronics_Components,High,9.94,102,10,SUP_ELEC_004,True
ELEC_0248,Electronics_Components,Low,61.01,41,100,SUP_ELEC_002,False
ELEC_0249,Electronics_Components,Low,36.56,34,25,SUP_ELEC_005,False
ELEC_0250,Electronics_Components,Low,71.87,52,25,SUP_ELEC_004,False
CABL_0251,Cables,Medium,101.74,23,1,SUP_CABLE_002,True
CABL_0252,Cables,Medium,139.51,39,25,SUP_CABLE_002,True
CABL_0253,Cables,Medium,80.55,33,10,SUP_CABLE_001,True
CABL_0254,Cables,Medium,140.73,33,10,SUP_CABLE_002,True
CABL_0255,Cables,Low,82.77,21,1,SUP_CABLE_001,False
CABL_0256,Cables,Medium,214.2,28,25,SUP_CABLE_001,False
CABL_0257,Cables,Low,84.69,30,25,SUP_CABLE_003,False
CABL_0258,Cables,Low,25.67,19,5,SUP_CABLE_001,False
CABL_0259,Cables,High,31.02,33,50,SUP_CABLE_001,True
CABL_0260,Cables,Low,91.85,28,25,SUP_CABLE_001,False
CABL_0261,Cables,Medium,18.65,31,50,SUP_CABLE_001,False
CABL_0262,Cables,Low,83.04,21,25,SUP_CABLE_003,True
CABL_0263,Cables,Low,108.66,18,5,SUP_CABLE_001,True
CABL_0264,Cables,Medium,108.19,48,5,SUP_CABLE_001,False
CABL_0265,Cables,High,211.31,48,1,SUP_CABLE_002,False
CABL_0266,Cables,Medium,21.38,50,25,SUP_CABLE_001,False
CABL_0267,Cables,High,251.51,56,1,SUP_CABLE_002,False
CABL_0268,Cables,Low,94.69,20,1,SUP_CABLE_001,False
CABL_0269,Cables,Medium,34.0,30,10,SUP_CABLE_002,False
CABL_0270,Cables,Low,103.46,30,5,SUP_CABLE_001,False
CABL_0271,Cables,Medium,186.75,24,1,SUP_CABLE_001,False
CABL_0272,Cables,Low,65.46,28,25,SUP_CABLE_001,False
CABL_0273,Cables,Low,62.26,18,5,SUP_CABLE_003,False
CABL_0274,Cables,Medium,145.09,35,10,SUP_CABLE_001,False
CABL_0275,Cables,Medium,115.63,21,5,SUP_CABLE_001,False
CABL_0276,Cables,Low,91.22,25,10,SUP_CABLE_003,False
CABL_0277,Cables,Medium,215.66,21,10,SUP_CABLE_003,False
CABL_0278,Cables,Low,143.65,27,10,SUP_CABLE_003,False
CABL_0279,Cables,Medium,55.86,26,25,SUP_CABLE_001,False
CABL_0280,Cables,Low,122.42,25,5,SUP_CABLE_002,False
CABL_0281,Cables,Low,67.9,16,10,SUP_CABLE_003,False
CABL_0282,Cables,Low,83.52,28,1,SUP_CABLE_002,False
CABL_0283,Cables,High,138.87,31,1,SUP_CABLE_001,False
CABL_0284,Cables,High,188.45,62,25,SUP_CABLE_001,False
CABL_0285,Cables,Medium,51.7,32,5,SUP_CABLE_001,False
CABL_0286,Cables,Medium,72.71,46,25,SUP_CABLE_003,False
CABL_0287,Cables,Low,97.34,23,5,SUP_CABLE_001,False
CABL_0288,Cables,Medium,196.19,27,1,SUP_CABLE_002,True
CABL_0289,Cables,Medium,142.49,38,5,SUP_CABLE_001,False
CABL_0290,Cables,Medium,119.32,52,10,SUP_CABLE_003,False
CABL_0291,Cables,Medium,104.92,43,1,SUP_CABLE_003,False
CABL_0292,Cables,Low,24.58,29,5,SUP_CABLE_003,False
CABL_0293,Cables,Low,100.34,26,1,SUP_CABLE_001,False
CABL_0294,Cables,Low,19.72,24,5,SUP_CABLE_001,True
CABL_0295,Cables,Medium,71.94,39,10,SUP_CABLE_002,False
CABL_0296,Cables,Medium,54.97,22,25,SUP_CABLE_002,False
CABL_0297,Cables,High,144.98,42,25,SUP_CABLE_002,False
CABL_0298,Cables,Low,106.6,18,5,SUP_CABLE_002,False
CABL_0299,Cables,High,20.35,40,25,SUP_CABLE_003,False
CABL_0300,Cables,Low,65.9,17,50,SUP_CABLE_001,False
CAST_0301,Castings,Medium,790.65,47,1,SUP_CAST_001,False
CAST_0302,Castings,Medium,883.26,44,1,SUP_CAST_001,False
CAST_0303,Castings,Low,138.54,67,1,SUP_CAST_001,False
CAST_0304,Castings,Low,399.22,53,10,SUP_CAST_002,False
CAST_0305,Castings,High,1384.57,73,1,SUP_CAST_002,False
CAST_0306,Castings,Medium,845.81,75,10,SUP_CAST_002,False
CAST_0307,Castings,High,617.67,57,10,SUP_CAST_002,False
CAST_0308,Castings,High,980.91,134,5,SUP_CAST_001,False
CAST_0309,Castings,Low,514.62,33,50,SUP_CAST_002,False
CAST_0310,Castings,Low,181.12,43,50,SUP_CAST_002,False
CAST_0311,Castings,Low,132.97,60,25,SUP_CAST_001,False
CAST_0312,Castings,High,552.74,127,50,SUP_CAST_001,False
CAST_0313,Castings,Medium,277.83,45,10,SUP_CAST_002,False
CAST_0314,Castings,Low,796.28,30,1,SUP_CAST_001,False
CAST_0315,Castings,Low,163.0,40,10,SUP_CAST_001,False
CAST_0316,Castings,Low,444.33,69,1,SUP_CAST_001,False
CAST_0317,Castings,Low,527.32,50,5,SUP_CAST_001,False
CAST_0318,Castings,Medium,823.81,64,10,SUP_CAST_002,False
CAST_0319,Castings,Low,355.63,68,5,SUP_CAST_002,False
CAST_0320,Castings,Low,263.36,59,5,SUP_CAST_002,False
CAST_0321,Castings,Low,83.79,38,50,SUP_CAST_001,False
CAST_0322,Castings,High,857.39,65,25,SUP_CAST_001,False
CAST_0323,Castings,High,292.22,97,25,SUP_CAST_002,False
CAST_0324,Castings,Medium,630.17,65,25,SUP_CAST_001,False
CAST_0325,Castings,Medium,1082.64,102,1,SUP_CAST_002,False
CAST_0326,Castings,Medium,588.39,58,5,SUP_CAST_002,True
CAST_0327,Castings,High,819.14,109,5,SUP_CAST_002,False
CAST_0328,Castings,Medium,780.15,46,50,SUP_CAST_001,True
CAST_0329,Castings,High,792.75,60,1,SUP_CAST_001,False
CAST_0330,Castings,Low,126.66,28,50,SUP_CAST_002,False
CAST_0331,Castings,Low,289.99,42,10,SUP_CAST_001,False
CAST_0332,Castings,Low,373.79,51,5,SUP_CAST_002,True
CAST_0333,Castings,Medium,1090.05,91,1,SUP_CAST_001,False
CAST_0334,Castings,Low,163.01,53,1,SUP_CAST_001,False
CAST_0335,Castings,Medium,1086.7,62,25,SUP_CAST_002,False
CAST_0336,Castings,Low,427.36,66,25,SUP_CAST_002,True
CAST_0337,Castings,Low,747.86,37,1,SUP_CAST_002,False
CAST_0338,Castings,Medium,779.07,101,25,SUP_CAST_001,False
CAST_0339,Castings,Medium,126.33,104,5,SUP_CAST_002,False
CAST_0340,Castings,High,524.73,101,50,SUP_CAST_001,False
CAST_0341,Castings,High,1234.88,102,25,SUP_CAST_002,False
CAST_0342,Castings,Medium,1183.33,101,50,SUP_CAST_001,False
CAST_0343,Castings,Low,601.34,62,10,SUP_CAST_001,False
CAST_0344,Castings,Medium,702.18,79,10,SUP_CAST_001,True
CAST_0345,Castings,Low,142.97,52,1,SUP_CAST_002,False
CAST_0346,Castings,Low,479.58,62,25,SUP_CAST_001,False
CAST_0347,Castings,Low,215.62,64,5,SUP_CAST_001,False
CAST_0348,Castings,Medium,998.94,80,5,SUP_CAST_001,False
CAST_0349,Castings,Medium,682.52,95,5,SUP_CAST_002,False
CAST_0350,Castings,Low,618.42,59,25,SUP_CAST_001,False
FORG_0351,Forgings,High,1046.57,119,5,SUP_FORG_002,False
FORG_0352,Forgings,Medium,1203.54,68,5,SUP_FORG_001,False
FORG_0353,Forgings,Low,260.54,36,25,SUP_FORG_002,False
FORG_0354,Forgings,Low,629.38,58,10,SUP_FORG_002,True
FORG_0355,Forgings,Low,732.65,37,5,SUP_FORG_002,False
FORG_0356,Forgings,Low,842.54,59,10,SUP_FORG_002,False
FORG_0357,Forgings,Medium,1475.66,67,25,SUP_FORG_002,False
FORG_0358,Forgings,Low,210.14,71,1,SUP_FORG_002,False
FORG_0359,Forgings,Low,821.23,72,1,SUP_FORG_002,False
FORG_0360,Forgings,Low,673.8,59,10,SUP_FORG_001,False
FORG_0361,Forgings,High,890.9,126,50,SUP_FORG_001,False
FORG_0362,Forgings,High,497.53,138,50,SUP_FORG_002,False
FORG_0363,Forgings,Low,946.61,47,5,SUP_FORG_001,False
FORG_0364,Forgings,Medium,799.22,84,50,SUP_FORG_002,True
FORG_0365,Forgings,Low,755.15,59,1,SUP_FORG_002,False
FORG_0366,Forgings,Medium,364.53,97,25,SUP_FORG_001,False
FORG_0367,Forgings,Medium,1441.43,57,25,SUP_FORG_002,False
FORG_0368,Forgings,Low,322.28,79,5,SUP_FORG_002,False
FORG_0369,Forgings,Medium,1290.47,72,1,SUP_FORG_001,False
FORG_0370,Forgings,Low,657.73,62,50,SUP_FORG_002,False
FORG_0371,Forgings,Medium,266.67,69,10,SUP_FORG_002,True
FORG_0372,Forgings,High,908.21,151,1,SUP_FORG_001,False
FORG_0373,Forgings,Low,688.76,44,1,SUP_FORG_001,False
FORG_0374,Forgings,High,1941.24,87,1,SUP_FORG_002,False
FORG_0375,Forgings,Medium,269.93,102,1,SUP_FORG_001,False
FORG_0376,Forgings,Low,463.58,61,1,SUP_FORG_001,False
FORG_0377,Forgings,Low,862.23,56,50,SUP_FORG_002,False
FORG_0378,Forgings,Low,187.81,77,10,SUP_FORG_001,False
FORG_0379,Forgings,Low,808.27,40,10,SUP_FORG_002,False
FORG_0380,Forgings,Medium,821.3,77,50,SUP_FORG_002,False
FORG_0381,Forgings,Medium,1168.05,53,50,SUP_FORG_001,False
FORG_0382,Forgings,High,629.83,114,5,SUP_FORG_002,False
FORG_0383,Forgings,Low,158.68,57,25,SUP_FORG_001,False
FORG_0384,Forgings,Medium,652.11,85,10,SUP_FORG_002,True
FORG_0385,Forgings,Medium,414.07,66,25,SUP_FORG_002,False
FORG_0386,Forgings,Low,381.11,66,5,SUP_FORG_002,False
FORG_0387,Forgings,Medium,374.15,97,50,SUP_FORG_001,False
FORG_0388,Forgings,Low,556.35,64,50,SUP_FORG_002,False
FORG_0389,Forgings,Low,496.29,65,10,SUP_FORG_002,True
FORG_0390,Forgings,Medium,581.55,125,50,SUP_FORG_001,True
FORG_0391,Forgings,Medium,586.07,125,5,SUP_FORG_001,False
FORG_0392,Forgings,Low,718.17,39,25,SUP_FORG_001,False
FORG_0393,Forgings,Low,441.12,82,25,SUP_FORG_001,False
FORG_0394,Forgings,High,399.35,144,1,SUP_FORG_001,False
FORG_0395,Forgings,Medium,573.98,71,10,SUP_FORG_002,False
FORG_0396,Forgings,Low,740.81,75,1,SUP_FORG_001,False
FORG_0397,Forgings,High,1531.41,88,10,SUP_FORG_001,False
FORG_0398,Forgings,Medium,1146.39,111,10,SUP_FORG_001,True
FORG_0399,Forgings,Medium,293.56,75,25,SUP_FORG_001,False
FORG_0400,Forgings,High,608.92,152,10,SUP_FORG_002,False
LIGH_0401,Lights,Low,120.91,15,1,SUP_LIGHT_001,False
LIGH_0402,Lights,Medium,409.52,30,1,SUP_LIGHT_003,True
LIGH_0403,Lights,High,404.43,76,10,SUP_LIGHT_003,False
LIGH_0404,Lights,Low,126.26,20,50,SUP_LIGHT_002,False
LIGH_0405,Lights,High,102.0,51,1,SUP_LIGHT_002,False
LIGH_0406,Lights,Low,260.34,22,10,SUP_LIGHT_003,False
LIGH_0407,Lights,High,50.08,81,1,SUP_LIGHT_003,False
LIGH_0408,Lights,Medium,296.74,39,50,SUP_LIGHT_001,True
LIGH_0409,Lights,Low,32.91,29,25,SUP_LIGHT_001,False
LIGH_0410,Lights,Low,83.38,34,1,SUP_LIGHT_003,False
LIGH_0411,Lights,High,413.97,61,1,SUP_LIGHT_003,False
LIGH_0412,Lights,Medium,382.02,32,25,SUP_LIGHT_003,False
LIGH_0413,Lights,Medium,270.81,48,25,SUP_LIGHT_001,False
LIGH_0414,Lights,Low,46.28,39,25,SUP_LIGHT_003,False
LIGH_0415,Lights,High,360.19,56,25,SUP_LIGHT_002,False
LIGH_0416,Lights,Medium,282.81,58,50,SUP_LIGHT_002,False
LIGH_0417,Lights,Medium,278.51,50,25,SUP_LIGHT_003,False
LIGH_0418,Lights,Low,127.66,27,25,SUP_LIGHT_002,False
LIGH_0419,Lights,Medium,443.21,32,1,SUP_LIGHT_002,False
LIGH_0420,Lights,Medium,49.17,26,25,SUP_LIGHT_002,False
LIGH_0421,Lights,Low,154.97,19,10,SUP_LIGHT_001,False
LIGH_0422,Lights,Medium,255.54,56,1,SUP_LIGHT_002,False
LIGH_0423,Lights,High,199.55,53,50,SUP_LIGHT_001,False
LIGH_0424,Lights,Low,32.43,21,50,SUP_LIGHT_001,False
LIGH_0425,Lights,Low,116.66,28,1,SUP_LIGHT_003,False
LIGH_0426,Lights,Medium,446.98,26,50,SUP_LIGHT_001,False
LIGH_0427,Lights,Medium,400.55,49,50,SUP_LIGHT_001,False
LIGH_0428,Lights,High,574.83,73,1,SUP_LIGHT_003,True
LIGH_0429,Lights,Medium,378.43,22,25,SUP_LIGHT_002,False
LIGH_0430,Lights,Medium,366.15,48,50,SUP_LIGHT_003,False
LIGH_0431,Lights,Medium,408.13,37,10,SUP_LIGHT_003,False
LIGH_0432,Lights,Medium,301.36,48,10,SUP_LIGHT_003,False
LIGH_0433,Lights,Medium,88.33,25,25,SUP_LIGHT_003,False
LIGH_0434,Lights,Low,272.69,15,5,SUP_LIGHT_001,False
LIGH_0435,Lights,Medium,218.52,24,5,SUP_LIGHT_001,True
LIGH_0436,Lights,Medium,174.13,51,1,SUP_LIGHT_002,False
LIGH_0437,Lights,Medium,210.57,49,1,SUP_LIGHT_001,False
LIGH_0438,Lights,Medium,125.04,37,10,SUP_LIGHT_003,False
LIGH_0439,Lights,Low,269.1,14,10,SUP_LIGHT_001,True
LIGH_0440,Lights,Low,167.23,28,25,SUP_LIGHT_001,False
LIGH_0441,Lights,Low,233.33,40,10,SUP_LIGHT_001,False
LIGH_0442,Lights,Low,21.88,24,10,SUP_LIGHT_002,False
LIGH_0443,Lights,Low,257.2,28,25,SUP_LIGHT_002,False
LIGH_0444,Lights,Medium,89.03,41,10,SUP_LIGHT_003,False
LIGH_0445,Lights,Low,30.92,14,10,SUP_LIGHT_002,False
LIGH_0446,Lights,Low,61.18,27,5,SUP_LIGHT_001,False
LIGH_0447,Lights,Low,124.94,27,25,SUP_LIGHT_002,False
LIGH_0448,Lights,High,201.51,81,25,SUP_LIGHT_001,False
LIGH_0449,Lights,Low,171.59,18,1,SUP_LIGHT_001,False
LIGH_0450,Lights,Medium,380.13,39,5,SUP_LIGHT_002,False
ASSE_0451,Assembled_Kits,Low,476.71,68,25,SUP_ASSY_001,False
ASSE_0452,Assembled_Kits,Medium,2800.39,130,50,SUP_ASSY_003,False
ASSE_0453,Assembled_Kits,High,2390.17,206,10,SUP_ASSY_002,False
ASSE_0454,Assembled_Kits,Medium,4768.76,86,50,SUP_ASSY_001,False
ASSE_0455,Assembled_Kits,Medium,1939.8,175,50,SUP_ASSY_002,False
ASSE_0456,Assembled_Kits,Medium,6563.78,78,10,SUP_ASSY_003,True
ASSE_0457,Assembled_Kits,Medium,2285.53,165,25,SUP_ASSY_002,True
ASSE_0458,Assembled_Kits,Medium,7363.11,119,5,SUP_ASSY_002,False
ASSE_0459,Assembled_Kits,Medium,3476.81,133,1,SUP_ASSY_003,False
ASSE_0460,Assembled_Kits,High,9815.1,147,10,SUP_ASSY_003,False
ASSE_0461,Assembled_Kits,Medium,7183.54,86,1,SUP_ASSY_001,False
ASSE_0462,Assembled_Kits,High,8973.67,93,10,SUP_ASSY_003,True
ASSE_0463,Assembled_Kits,High,2519.16,198,5,SUP_ASSY_002,False
ASSE_0464,Assembled_Kits,Medium,5286.23,78,50,SUP_ASSY_002,False
ASSE_0465,Assembled_Kits,Medium,4105.76,155,10,SUP_ASSY_003,False
ASSE_0466,Assembled_Kits,High,1262.2,84,10,SUP_ASSY_001,False
ASSE_0467,Assembled_Kits,Medium,797.01,63,50,SUP_ASSY_001,False
ASSE_0468,Assembled_Kits,High,6290.6,97,1,SUP_ASSY_002,True
ASSE_0469,Assembled_Kits,Medium,3231.17,70,10,SUP_ASSY_003,False
ASSE_0470,Assembled_Kits,Medium,5323.85,63,10,SUP_ASSY_003,False
ASSE_0471,Assembled_Kits,Medium,1113.11,161,25,SUP_ASSY_002,True
ASSE_0472,Assembled_Kits,Low,2133.79,65,25,SUP_ASSY_002,False
ASSE_0473,Assembled_Kits,High,9320.59,147,10,SUP_ASSY_002,False
ASSE_0474,Assembled_Kits,Medium,1927.41,137,50,SUP_ASSY_001,False
ASSE_0475,Assembled_Kits,Low,3309.52,51,1,SUP_ASSY_003,False
ASSE_0476,Assembled_Kits,Medium,4518.23,136,25,SUP_ASSY_002,False
ASSE_0477,Assembled_Kits,Medium,6222.25,157,25,SUP_ASSY_001,False
ASSE_0478,Assembled_Kits,Medium,3190.41,81,5,SUP_ASSY_002,False
ASSE_0479,Assembled_Kits,Medium,2255.14,110,1,SUP_ASSY_003,False
ASSE_0480,Assembled_Kits,Medium,5448.28,132,1,SUP_ASSY_003,False
ASSE_0481,Assembled_Kits,Medium,2750.67,173,50,SUP_ASSY_003,False
ASSE_0482,Assembled_Kits,Low,2911.92,109,25,SUP_ASSY_002,False
ASSE_0483,Assembled_Kits,Medium,6851.59,107,25,SUP_ASSY_003,True
ASSE_0484,Assembled_Kits,Medium,3855.46,108,10,SUP_ASSY_001,False
ASSE_0485,Assembled_Kits,Low,1001.37,97,50,SUP_ASSY_001,False
ASSE_0486,Assembled_Kits,Medium,7145.56,145,1,SUP_ASSY_001,False
ASSE_0487,Assembled_Kits,Medium,7496.16,75,25,SUP_ASSY_001,False
ASSE_0488,Assembled_Kits,Low,3245.24,102,1,SUP_ASSY_003,False
ASSE_0489,Assembled_Kits,Medium,6219.7,162,1,SUP_ASSY_001,False
ASSE_0490,Assembled_Kits,Medium,4963.53,156,50,SUP_ASSY_001,False
ASSE_0491,Assembled_Kits,Low,3327.87,99,25,SUP_ASSY_002,False
ASSE_0492,Assembled_Kits,Low,3623.39,57,25,SUP_ASSY_001,False
ASSE_0493,Assembled_Kits,Low,478.84,50,5,SUP_ASSY_001,False
ASSE_0494,Assembled_Kits,High,541.06,143,5,SUP_ASSY_002,False
ASSE_0495,Assembled_Kits,High,701.65,198,1,SUP_ASSY_002,False
ASSE_0496,Assembled_Kits,Medium,6619.06,67,5,SUP_ASSY_002,False
ASSE_0497,Assembled_Kits,Medium,2224.22,88,25,SUP_ASSY_002,False
ASSE_0498,Assembled_Kits,Medium,849.97,107,1,SUP_ASSY_002,False
ASSE_0499,Assembled_Kits,Medium,2691.12,102,5,SUP_ASSY_003,False
ASSE_0500,Assembled_Kits,Low,206.5,65,25,SUP_ASSY_001,False
CONS_0501,Consumables,High,2.55,25,100,SUP_CONS_003,False
CONS_0502,Consumables,Medium,29.94,9,500,SUP_CONS_001,False
CONS_0503,Consumables,Low,24.26,11,1000,SUP_CONS_002,False
CONS_0504,Consumables,High,24.07,17,1000,SUP_CONS_002,False
CONS_0505,Consumables,Medium,58.3,7,250,SUP_CONS_004,False
CONS_0506,Consumables,High,84.75,12,500,SUP_CONS_003,False
CONS_0507,Consumables,Medium,68.0,7,500,SUP_CONS_003,False
CONS_0508,Consumables,High,33.87,21,100,SUP_CONS_003,True
CONS_0509,Consumables,Medium,51.8,19,1000,SUP_CONS_004,False
CONS_0510,Consumables,Low,20.84,6,250,SUP_CONS_003,False
CONS_0511,Consumables,High,96.24,19,250,SUP_CONS_002,False
CONS_0512,Consumables,Medium,3.44,7,2500,SUP_CONS_004,False
CONS_0513,Consumables,Low,42.2,13,2500,SUP_CONS_002,False
CONS_0514,Consumables,Low,48.04,5,500,SUP_CONS_004,False
CONS_0515,Consumables,Medium,73.59,13,500,SUP_CONS_001,False
CONS_0516,Consumables,Medium,5.62,14,250,SUP_CONS_002,False
CONS_0517,Consumables,Medium,68.11,20,500,SUP_CONS_003,False
CONS_0518,Consumables,High,75.78,9,1000,SUP_CONS_003,False
CONS_0519,Consumables,Medium,58.63,20,250,SUP_CONS_002,False
CONS_0520,Consumables,Medium,62.68,17,1000,SUP_CONS_004,False
CONS_0521,Consumables,High,4.8,23,250,SUP_CONS_003,False
CONS_0522,Consumables,Low,21.49,3,500,SUP_CONS_004,False
CONS_0523,Consumables,Low,14.52,7,500,SUP_CONS_002,False
CONS_0524,Consumables,Low,38.07,7,1000,SUP_CONS_004,False
CONS_0525,Consumables,High,95.1,18,100,SUP_CONS_002,False
CONS_0526,Consumables,Low,28.73,7,100,SUP_CONS_002,False
CONS_0527,Consumables,High,97.44,6,500,SUP_CONS_003,False
CONS_0528,Consumables,Low,47.82,4,2500,SUP_CONS_001,False
CONS_0529,Consumables,Medium,32.83,14,500,SUP_CONS_004,False
CONS_0530,Consumables,Low,17.72,12,250,SUP_CONS_004,False
CONS_0531,Consumables,Medium,61.76,19,250,SUP_CONS_004,False
CONS_0532,Consumables,Low,14.86,9,1000,SUP_CONS_002,True
CONS_0533,Consumables,Low,47.05,8,500,SUP_CONS_003,False
CONS_0534,Consumables,High,33.35,21,250,SUP_CONS_004,False
CONS_0535,Consumables,High,54.0,12,2500,SUP_CONS_001,False
CONS_0536,Consumables,Medium,39.97,14,1000,SUP_CONS_002,False
CONS_0537,Consumables,Medium,15.16,7,2500,SUP_CONS_001,False
CONS_0538,Consumables,High,5.38,10,1000,SUP_CONS_002,False
CONS_0539,Consumables,Medium,31.28,17,250,SUP_CONS_002,False
CONS_0540,Consumables,High,25.43,11,100,SUP_CONS_002,False
CONS_0541,Consumables,High,40.69,10,2500,SUP_CONS_002,False
CONS_0542,Consumables,Medium,6.02,13,250,SUP_CONS_004,False
CONS_0543,Consumables,Medium,43.85,20,250,SUP_CONS_002,False
CONS_0544,Consumables,Medium,22.35,16,2500,SUP_CONS_001,True
CONS_0545,Consumables,Medium,38.24,10,100,SUP_CONS_003,False
CONS_0546,Consumables,Medium,53.62,12,100,SUP_CONS_003,False
CONS_0547,Consumables,Medium,64.65,9,500,SUP_CONS_001,False
CONS_0548,Consumables,Low,16.85,13,500,SUP_CONS_001,False
CONS_0549,Consumables,Medium,42.22,20,100,SUP_CONS_001,False
CONS_0550,Consumables,Low,39.33,11,250,SUP_CONS_001,True
CONS_0551,Consumables,High,1.34,21,250,SUP_CONS_001,True
CONS_0552,Consumables,Medium,37.66,16,100,SUP_CONS_001,False
CONS_0553,Consumables,Medium,23.27,12,2500,SUP_CONS_004,False
CONS_0554,Consumables,Medium,29.83,6,250,SUP_CONS_001,False
CONS_0555,Consumables,Low,14.57,12,500,SUP_CONS_001,False
CONS_0556,Consumables,Low,31.28,9,500,SUP_CONS_003,True
CONS_0557,Consumables,Medium,4.03,13,2500,SUP_CONS_003,False
CONS_0558,Consumables,Medium,70.13,11,1000,SUP_CONS_002,False
CONS_0559,Consumables,Low,17.86,3,100,SUP_CONS_003,False
CONS_0560,Consumables,Low,10.35,7,100,SUP_CONS_001,False
CONS_0561,Consumables,Medium,8.85,17,2500,SUP_CONS_004,False
CONS_0562,Consumables,Low,47.07,13,250,SUP_CONS_002,False
CONS_0563,Consumables,Low,48.54,4,100,SUP_CONS_001,False
CONS_0564,Consumables,Medium,15.45,13,500,SUP_CONS_003,False
CONS_0565,Consumables,Medium,20.25,9,250,SUP_CONS_002,False
CONS_0566,Consumables,Medium,5.91,5,1000,SUP_CONS_003,False
CONS_0567,Consumables,Medium,34.43,6,250,SUP_CONS_002,False
CONS_0568,Consumables,Medium,28.09,13,100,SUP_CONS_001,False
CONS_0569,Consumables,Medium,39.5,8,250,SUP_CONS_001,False
CONS_0570,Consumables,Low,22.51,9,500,SUP_CONS_002,False
CONS_0571,Consumables,Low,38.64,9,100,SUP_CONS_001,False
CONS_0572,Consumables,Low,29.19,5,1000,SUP_CONS_003,False
CONS_0573,Consumables,Low,42.01,5,100,SUP_CONS_002,True
CONS_0574,Consumables,Medium,7.08,16,100,SUP_CONS_004,False
CONS_0575,Consumables,High,51.37,15,500,SUP_CONS_004,False
CONS_0576,Consumables,Medium,50.35,16,2500,SUP_CONS_004,False
CONS_0577,Consumables,High,5.19,26,100,SUP_CONS_001,True
CONS_0578,Consumables,Low,45.57,6,250,SUP_CONS_003,False
CONS_0579,Consumables,Medium,44.67,10,250,SUP_CONS_002,False
CONS_0580,Consumables,High,93.28,17,500,SUP_CONS_002,False
CONS_0581,Consumables,Low,49.38,6,250,SUP_CONS_001,False
CONS_0582,Consumables,Medium,40.44,8,1000,SUP_CONS_001,False
CONS_0583,Consumables,Medium,59.09,11,2500,SUP_CONS_002,False
CONS_0584,Consumables,Medium,32.16,11,1000,SUP_CONS_003,False
CONS_0585,Consumables,Low,41.25,6,500,SUP_CONS_002,True
CONS_0586,Consumables,Low,25.18,3,1000,SUP_CONS_004,True
CONS_0587,Consumables,Medium,30.81,15,100,SUP_CONS_002,False
CONS_0588,Consumables,Low,3.62,5,2500,SUP_CONS_002,False
CONS_0589,Consumables,High,68.58,8,2500,SUP_CONS_001,False
CONS_0590,Consumables,Low,25.8,8,2500,SUP_CONS_001,False
CONS_0591,Consumables,High,78.97,12,2500,SUP_CONS_004,False
CONS_0592,Consumables,Low,13.65,5,100,SUP_CONS_001,False
CONS_0593,Consumables,Low,41.46,6,100,SUP_CONS_002,False
CONS_0594,Consumables,High,34.61,16,100,SUP_CONS_003,False
CONS_0595,Consumables,Low,33.71,4,1000,SUP_CONS_003,False
CONS_0596,Consumables,Medium,55.59,18,2500,SUP_CONS_002,False
CONS_0597,Consumables,Low,27.11,6,500,SUP_CONS_004,False
CONS_0598,Consumables,Low,17.78,4,1000,SUP_CONS_002,False
CONS_0599,Consumables,Medium,18.51,5,500,SUP_CONS_002,False
CONS_0600,Consumables,High,61.71,18,100,SUP_CONS_002,False
CONS_0601,Consumables,Medium,30.98,16,2500,SUP_CONS_002,False
CONS_0602,Consumables,Medium,43.22,4,2500,SUP_CONS_004,False
CONS_0603,Consumables,Low,16.93,4,250,SUP_CONS_001,False
CONS_0604,Consumables,Low,44.79,5,100,SUP_CONS_003,False
CONS_0605,Consumables,Low,39.66,3,2500,SUP_CONS_003,False
CONS_0606,Consumables,Medium,51.69,8,100,SUP_CONS_002,False
CONS_0607,Consumables,Medium,62.73,18,100,SUP_CONS_003,True
CONS_0608,Consumables,Low,26.63,8,500,SUP_CONS_002,False
CONS_0609,Consumables,Medium,1.15,11,100,SUP_CONS_004,True
CONS_0610,Consumables,Low,10.48,3,1000,SUP_CONS_003,False
CONS_0611,Consumables,High,6.84,20,2500,SUP_CONS_002,False
CONS_0612,Consumables,High,43.46,27,500,SUP_CONS_002,False
CONS_0613,Consumables,Low,17.59,7,500,SUP_CONS_003,False
CONS_0614,Consumables,Medium,54.25,15,500,SUP_CONS_004,True
CONS_0615,Consumables,Low,33.12,8,1000,SUP_CONS_003,False
CONS_0616,Consumables,Medium,41.2,5,100,SUP_CONS_002,False
CONS_0617,Consumables,Medium,26.36,15,1000,SUP_CONS_001,True
CONS_0618,Consumables,Low,35.69,7,1000,SUP_CONS_001,False
CONS_0619,Consumables,Low,8.02,5,500,SUP_CONS_001,False
CONS_0620,Consumables,High,57.96,19,250,SUP_CONS_004,False
CONS_0621,Consumables,Medium,20.43,7,500,SUP_CONS_001,False
CONS_0622,Consumables,Low,21.3,12,1000,SUP_CONS_003,False
CONS_0623,Consumables,Low,34.84,7,250,SUP_CONS_003,False
CONS_0624,Consumables,Medium,20.51,15,500,SUP_CONS_002,False
CONS_0625,Consumables,Low,26.48,12,2500,SUP_CONS_002,False
CONS_0626,Consumables,Medium,61.81,5,2500,SUP_CONS_003,False
CONS_0627,Consumables,Medium,73.75,17,250,SUP_CONS_001,False
CONS_0628,Consumables,Low,10.94,8,2500,SUP_CONS_001,False
CONS_0629,Consumables,High,63.08,24,100,SUP_CONS_004,False
CONS_0630,Consumables,Medium,55.26,11,2500,SUP_CONS_002,True
CONS_0631,Consumables,Medium,60.98,16,500,SUP_CONS_004,False
CONS_0632,Consumables,High,80.17,20,500,SUP_CONS_001,False
CONS_0633,Consumables,Medium,22.91,9,500,SUP_CONS_004,False
CONS_0634,Consumables,High,40.72,6,1000,SUP_CONS_004,False
CONS_0635,Consumables,Low,0.96,13,100,SUP_CONS_004,False
CONS_0636,Consumables,Low,25.63,3,500,SUP_CONS_004,False
CONS_0637,Consumables,Medium,29.39,5,2500,SUP_CONS_003,False
CONS_0638,Consumables,Medium,10.51,14,500,SUP_CONS_003,False
CONS_0639,Consumables,High,34.32,17,500,SUP_CONS_001,False
CONS_0640,Consumables,High,65.02,23,1000,SUP_CONS_002,False
CONS_0641,Consumables,Low,22.79,10,250,SUP_CONS_004,False
CONS_0642,Consumables,Low,25.07,10,100,SUP_CONS_001,True
CONS_0643,Consumables,Medium,56.12,17,100,SUP_CONS_003,False
CONS_0644,Consumables,Low,29.03,7,250,SUP_CONS_004,False
CONS_0645,Consumables,Low,8.65,7,1000,SUP_CONS_002,False
CONS_0646,Consumables,Medium,71.52,19,250,SUP_CONS_001,False
CONS_0647,Consumables,Medium,6.03,16,1000,SUP_CONS_004,False
CONS_0648,Consumables,Medium,5.13,8,100,SUP_CONS_004,False
CONS_0649,Consumables,Low,34.56,9,2500,SUP_CONS_003,False
CONS_0650,Consumables,Low,36.9,6,100,SUP_CONS_003,False
CONS_0651,Consumables,Low,34.59,9,100,SUP_CONS_004,False
CONS_0652,Consumables,Medium,9.73,10,2500,SUP_CONS_003,False
CONS_0653,Consumables,Medium,66.91,9,500,SUP_CONS_002,True
CONS_0654,Consumables,Low,11.55,8,250,SUP_CONS_004,False
CONS_0655,Consumables,Low,48.66,11,1000,SUP_CONS_004,False
CONS_0656,Consumables,Low,31.57,5,1000,SUP_CONS_002,False
CONS_0657,Consumables,Low,33.73,3,2500,SUP_CONS_002,False
CONS_0658,Consumables,Low,17.2,12,250,SUP_CONS_003,False
CONS_0659,Consumables,Medium,60.31,6,250,SUP_CONS_004,False
CONS_0660,Consumables,Low,0.26,4,100,SUP_CONS_001,False
CONS_0661,Consumables,Low,41.14,3,250,SUP_CONS_001,False
CONS_0662,Consumables,Low,27.41,13,100,SUP_CONS_003,False
CONS_0663,Consumables,Low,6.41,9,100,SUP_CONS_004,False
CONS_0664,Consumables,Low,24.52,11,1000,SUP_CONS_004,False
CONS_0665,Consumables,Medium,8.91,17,1000,SUP_CONS_003,False
CONS_0666,Consumables,Low,9.9,13,2500,SUP_CONS_002,False
CONS_0667,Consumables,Medium,36.8,15,1000,SUP_CONS_004,False
CONS_0668,Consumables,Low,33.12,4,1000,SUP_CONS_001,False
CONS_0669,Consumables,Low,9.22,12,2500,SUP_CONS_002,False
CONS_0670,Consumables,Medium,10.85,10,500,SUP_CONS_002,False
CONS_0671,Consumables,Low,27.88,12,2500,SUP_CONS_002,False
CONS_0672,Consumables,Low,12.71,8,1000,SUP_CONS_003,False
CONS_0673,Consumables,Medium,46.82,14,100,SUP_CONS_004,False
CONS_0674,Consumables,Low,13.34,9,2500,SUP_CONS_001,False
CONS_0675,Consumables,Low,47.43,13,500,SUP_CONS_002,False
CONS_0676,Consumables,Medium,0.63,17,2500,SUP_CONS_004,False
CONS_0677,Consumables,Medium,38.54,16,2500,SUP_CONS_004,False
CONS_0678,Consumables,Medium,35.76,15,2500,SUP_CONS_004,False
CONS_0679,Consumables,Medium,46.19,19,250,SUP_CONS_004,False
CONS_0680,Consumables,Low,1.84,9,1000,SUP_CONS_001,False
CONS_0681,Consumables,Low,1.35,7,100,SUP_CONS_004,True
CONS_0682,Consumables,Medium,8.5,14,500,SUP_CONS_002,False
CONS_0683,Consumables,Medium,15.11,5,500,SUP_CONS_003,False
CONS_0684,Consumables,Low,33.9,9,250,SUP_CONS_002,True
CONS_0685,Consumables,High,52.57,23,500,SUP_CONS_003,False
CONS_0686,Consumables,Low,48.08,10,500,SUP_CONS_003,False
CONS_0687,Consumables,Medium,50.94,9,250,SUP_CONS_002,False
CONS_0688,Consumables,High,73.96,12,500,SUP_CONS_004,False
CONS_0689,Consumables,Low,35.83,10,1000,SUP_CONS_002,False
CONS_0690,Consumables,Low,7.2,6,1000,SUP_CONS_001,True
CONS_0691,Consumables,High,54.19,27,250,SUP_CONS_004,False
CONS_0692,Consumables,Low,12.08,10,2500,SUP_CONS_001,False
CONS_0693,Consumables,Low,0.35,3,100,SUP_CONS_002,False
CONS_0694,Consumables,Low,8.94,6,500,SUP_CONS_002,False
CONS_0695,Consumables,Medium,34.76,18,1000,SUP_CONS_002,False
CONS_0696,Consumables,High,35.81,22,1000,SUP_CONS_003,False
CONS_0697,Consumables,Low,22.06,11,500,SUP_CONS_002,False
CONS_0698,Consumables,High,82.28,9,2500,SUP_CONS_001,True
CONS_0699,Consumables,Medium,71.25,6,100,SUP_CONS_001,False
CONS_0700,Consumables,Low,17.82,3,1000,SUP_CONS_003,True
